{
  "results": [
    {
      "command": "Vo-VM",
      "mean": 1.1353476534199998,
      "stddev": 0.021377839954995252,
      "median": 1.12479494922,
      "user": 1.0942394800000002,
      "system": 0.024731999999999997,
      "min": 1.11992763672,
      "max": 1.17841809472,
      "times": [
        1.11992763672,
        1.12252572072,
        1.12726834472,
        1.1222984707199999,
        1.12243080372,
        1.16996221972,
        1.14105534472,
        1.17841809472,
        1.12480226172,
        1.12478763672
      ],
      "memory_usage_byte": [
        159744000,
        159760384,
        159760384,
        159760384,
        159760384,
        159760384,
        159760384,
        159760384,
        159760384,
        159760384
      ],
      "exit_codes": [
        0,
        0,
        0,
        0,
        0,
        0,
        0,
        0,
        0,
        0
      ]
    },
    {
      "command": "Vo-JIT",
      "mean": 0.9384922575200001,
      "stddev": 0.015427119369558777,
      "median": 0.9320471157200001,
      "user": 0.90262808,
      "system": 0.0237824,
      "min": 0.92438080272,
      "max": 0.9773154287200001,
      "times": [
        0.93227259472,
        0.92438080272,
        0.92874955372,
        0.9389795537200001,
        0.93178280272,
        0.9443323037200001,
        0.9773154287200001,
        0.9318216367200001,
        0.9282447197200001,
        0.9470431787200001
      ],
      "memory_usage_byte": [
        162529280,
        162529280,
        162529280,
        162545664,
        162545664,
        162545664,
        162545664,
        162545664,
        162545664,
        162578432
      ],
      "exit_codes": [
        0,
        0,
        0,
        0,
        0,
        0,
        0,
        0,
        0,
        0
      ]
    },
    {
      "command": "Go",
      "mean": 0.06542440269619047,
      "stddev": 0.0013593620112517181,
      "median": 0.06513299072,
      "user": 0.1054449657142857,
      "system": 0.02024050476190476,
      "min": 0.06332501172,
      "max": 0.06904426172,
      "times": [
        0.06695692872,
        0.06677805272000001,
        0.06509034472000001,
        0.06554571972,
        0.06362534572,
        0.06492017872,
        0.06619984472000001,
        0.06392167872,
        0.06361346972000001,
        0.06554092872,
        0.06465330372,
        0.06332501172,
        0.06462571972,
        0.06398488672000001,
        0.06483217872000001,
        0.06589913672,
        0.06371934472,
        0.06506267872,
        0.06505522072,
        0.06526701172,
        0.06483601172,
        0.06503634472,
        0.06381442872000001,
        0.06435167872,
        0.06478613672000001,
        0.06416892872,
        0.06470221972000001,
        0.06350930372000001,
        0.06621642872000001,
        0.06795480372000001,
        0.06786217872,
        0.06624742872,
        0.06539238672,
        0.06550221972,
        0.06691392872,
        0.06599138672,
        0.06616109572000001,
        0.06904426172,
        0.06726717872,
        0.06517563672,
        0.06652667872000001,
        0.06774726172000001
      ],
      "memory_usage_byte": [
        162578432,
        162578432,
        162578432,
        162578432,
        162578432,
        162578432,
        162578432,
        162578432,
        162578432,
        162578432,
        162578432,
        162578432,
        162578432,
        162578432,
        162578432,
        162578432,
        162578432,
        162578432,
        162578432,
        162578432,
        162578432,
        162578432,
        162578432,
        162578432,
        162578432,
        162578432,
        162578432,
        162578432,
        162578432,
        162578432,
        162578432,
        162578432,
        162578432,
        162578432,
        162578432,
        162578432,
        162578432,
        162578432,
        162578432,
        162578432,
        162578432,
        162578432
      ],
      "exit_codes": [
        0,
        0,
        0,
        0,
        0,
        0,
        0,
        0,
        0,
        0,
        0,
        0,
        0,
        0,
        0,
        0,
        0,
        0,
        0,
        0,
        0,
        0,
        0,
        0,
        0,
        0,
        0,
        0,
        0,
        0,
        0,
        0,
        0,
        0,
        0,
        0,
        0,
        0,
        0,
        0,
        0,
        0
      ]
    },
    {
      "command": "Lua",
      "mean": 0.5349689532200002,
      "stddev": 0.013881877574499482,
      "median": 0.5306621572200001,
      "user": 0.5113137799999998,
      "system": 0.0155393,
      "min": 0.5272653447200001,
      "max": 0.57377692772,
      "times": [
        0.5272653447200001,
        0.53133730272,
        0.5315680527200001,
        0.5317164707200001,
        0.5284814277200001,
        0.5288882207200001,
        0.57377692772,
        0.5299870117200001,
        0.53682680372,
        0.5298419697200001
      ],
      "memory_usage_byte": [
        162578432,
        162578432,
        162578432,
        162578432,
        162578432,
        162578432,
        162578432,
        162578432,
        162578432,
        162578432
      ],
      "exit_codes": [
        0,
        0,
        0,
        0,
        0,
        0,
        0,
        0,
        0,
        0
      ]
    },
    {
      "command": "LuaJIT",
      "mean": 0.14113383905333335,
      "stddev": 0.014277147144500105,
      "median": 0.13815567872,
      "user": 0.12952446571428572,
      "system": 0.007577099999999999,
      "min": 0.13448684472,
      "max": 0.20297730272,
      "times": [
        0.13875763672000002,
        0.13468847072,
        0.13678209472,
        0.13862880272,
        0.13448684472,
        0.13802730272000002,
        0.13672705272000002,
        0.20297730272,
        0.14033642872000002,
        0.13755851172,
        0.14022530372,
        0.14118947072000002,
        0.13939313672,
        0.13603546972000002,
        0.14016092872000002,
        0.13885846972000002,
        0.13809292872,
        0.13815567872,
        0.13733842872000002,
        0.13702263672,
        0.13836771972
      ],
      "memory_usage_byte": [
        162578432,
        162578432,
        162578432,
        162578432,
        162578432,
        162578432,
        162578432,
        162578432,
        162578432,
        162578432,
        162578432,
        162578432,
        162578432,
        162578432,
        162578432,
        162578432,
        162578432,
        162578432,
        162578432,
        162578432,
        162578432
      ],
      "exit_codes": [
        0,
        0,
        0,
        0,
        0,
        0,
        0,
        0,
        0,
        0,
        0,
        0,
        0,
        0,
        0,
        0,
        0,
        0,
        0,
        0,
        0
      ]
    },
    {
      "command": "Python",
      "mean": 1.0781945617200002,
      "stddev": 0.013322302284277096,
      "median": 1.07392267822,
      "user": 1.0511980800000003,
      "system": 0.014319300000000002,
      "min": 1.06474692872,
      "max": 1.10006067872,
      "times": [
        1.08747430372,
        1.06474692872,
        1.07078501172,
        1.10006067872,
        1.07706034472,
        1.06830442772,
        1.06574592872,
        1.06966926172,
        1.07821034472,
        1.09988838672
      ],
      "memory_usage_byte": [
        162578432,
        162578432,
        162578432,
        162578432,
        162578432,
        162578432,
        162578432,
        162578432,
        162578432,
        162578432
      ],
      "exit_codes": [
        0,
        0,
        0,
        0,
        0,
        0,
        0,
        0,
        0,
        0
      ]
    }
  ]
}
